CREATE DATABASE DAY6
USE DAY6
CREATE TABLE Employees_1(
    EmployeeID decimal(6,0) NOT NULL DEFAULT '0',
	FirstName varchar(20) DEFAULT NULL,
	LastName varchar(25) NOT NULL,
	Email varchar(25) NOT NULL,
	PhoneNumber varchar(20) DEFAULT NULL,
	HireDate date NOT NULL,
	JobId varchar(10) NOT NULL,
	Salary decimal(8,2) DEFAULT NULL,
	CommissionPct decimal(2,2) DEFAULT NULL,
	ManagerID decimal(6,0) DEFAULT NULL,
	DepartmentID decimal(4,0) DEFAULT NULL,
	CONSTRAINT pk_EmployeeID PRIMARY KEY (EmployeeID),
	CONSTRAINT ukEmail UNIQUE  (Email),
)
SELECT * FROM Employees_1
INSERT INTO Employees_1(EmployeeID,FirstName,LastName , Email, PhoneNumber, HireDate, JobId, Salary, CommissionPct, ManagerID, DepartmentID) VALUES
('100', 'Steven', 'King', 'SKING', '515.123.4567', '1987-06-17', 'AD_PRES', '24000.00', '0.00', '0', '90'),
('101', 'Neena', 'Kochhar', 'NKOCHHAR', '515.123.4568', '1987-06-18', 'AD_VP', '17000.00', '0.00', '100', '90'),
('102', 'Lex', 'De Haan', 'LDEHAAN', '515.123.4569', '1987-06-19', 'AD_VP', '17000.00', '0.00', '100', '90'),
('103', 'Alexander', 'Hunold', 'AHUNOLD', '590.423.4567', '1987-06-20', 'IT_PROG', '9000.00', '0.00', '102', '60'),
('104', 'Bruce', 'Ernst', 'BERNST', '590.423.4568', '1987-06-21', 'IT_PROG', '6000.00', '0.00', '103', '60'),
('105', 'David', 'Austin', 'DAUSTIN', '590.423.4569', '1987-06-22', 'IT_PROG', '4800.00', '0.00', '103', '60'),
('106', 'Valli', 'Pataballa', 'VPATABAL', '590.423.4560', '1987-06-23', 'IT_PROG', '4800.00', '0.00', '103', '60'),
('107', 'Diana', 'Lorentz', 'DLORENTZ', '590.423.5567', '1987-06-24', 'IT_PROG', '4200.00', '0.00', '103', '60'),
('108', 'Nancy', 'Greenberg', 'NGREENBE', '515.124.4569', '1987-06-25', 'FI_MGR', '12000.00', '0.00', '101', '100'),
('109', 'Daniel', 'Faviet', 'DFAVIET', '515.124.4169', '1987-06-26', 'FI_ACCOUNT', '9000.00', '0.00', '108', '100'),
('110', 'John', 'Chen', 'JCHEN', '515.124.4269', '1987-06-27', 'FI_ACCOUNT', '8200.00', '0.00', '108', '100'),
('111', 'Ismael', 'Sciarra', 'ISCIARRA', '515.124.4369', '1987-06-28', 'FI_ACCOUNT', '7700.00', '0.00', '108', '100'),
('112', 'Jose Manuel', 'Urman', 'JMURMAN', '515.124.4469', '1987-06-29', 'FI_ACCOUNT', '7800.00', '0.00', '108', '100'),
('113', 'Luis', 'Popp', 'LPOPP', '515.124.4567', '1987-06-30', 'FI_ACCOUNT', '6900.00', '0.00', '108', '100'),
('114', 'Den', 'Raphaely', 'DRAPHEAL', '515.127.4561', '1987-07-01', 'PU_MAN', '11000.00', '0.00', '100', '30'),
('115', 'Alexander', 'Khoo', 'AKHOO', '515.127.4562', '1987-07-02', 'PU_CLERK', '3100.00', '0.00', '114', '30'),
('116', 'Shelli', 'Baida', 'SBAIDA', '515.127.4563', '1987-07-03', 'PU_CLERK', '2900.00', '0.00', '114', '30'),
('117', 'Sigal', 'Tobias', 'STOBIAS', '515.127.4564', '1987-07-04', 'PU_CLERK', '2800.00', '0.00', '114', '30'),
('118', 'Guy', 'Himuro', 'GHIMURO', '515.127.4565', '1987-07-05', 'PU_CLERK', '2600.00', '0.00', '114', '30'),
('119', 'Karen', 'Colmenares', 'KCOLMENA', '515.127.4566', '1987-07-06', 'PU_CLERK', '2500.00', '0.00', '114', '30'),
('120', 'Matthew', 'Weiss', 'MWEISS', '650.123.1234', '1987-07-07', 'ST_MAN', '8000.00', '0.00', '100', '50'),
('121', 'Adam', 'Fripp', 'AFRIPP', '650.123.2234', '1987-07-08', 'ST_MAN', '8200.00', '0.00', '100', '50'),
('122', 'Payam', 'Kaufling', 'PKAUFLIN', '650.123.3234', '1987-07-09', 'ST_MAN', '7900.00', '0.00', '100', '50'),
('123', 'Shanta', 'Vollman', 'SVOLLMAN', '650.123.4234', '1987-07-10', 'ST_MAN', '6500.00', '0.00', '100', '50'),
('124', 'Kevin', 'Mourgos', 'KMOURGOS', '650.123.5234', '1987-07-11', 'ST_MAN', '5800.00', '0.00', '100', '50'),
('125', 'Julia', 'Nayer', 'JNAYER', '650.124.1214', '1987-07-12', 'ST_CLERK', '3200.00', '0.00', '120', '50'),
('126', 'Irene', 'Mikkilineni', 'IMIKKILI', '650.124.1224', '1987-07-13', 'ST_CLERK', '2700.00', '0.00', '120', '50'),
('127', 'James', 'Landry', 'JLANDRY', '650.124.1334', '1987-07-14', 'ST_CLERK', '2400.00', '0.00', '120', '50'),
('128', 'Steven', 'Markle', 'SMARKLE', '650.124.1434', '1987-07-15', 'ST_CLERK', '2200.00', '0.00', '120', '50'),
('129', 'Laura', 'Bissot', 'LBISSOT', '650.124.5234', '1987-07-16', 'ST_CLERK', '3300.00', '0.00', '121', '50'),
('130', 'Mozhe', 'Atkinson', 'MATKINSO', '650.124.6234', '1987-07-17', 'ST_CLERK', '2800.00', '0.00', '121', '50'),
('131', 'James', 'Marlow', 'JAMRLOW', '650.124.7234', '1987-07-18', 'ST_CLERK', '2500.00', '0.00', '121', '50'),
('132', 'TJ', 'Olson', 'TJOLSON', '650.124.8234', '1987-07-19', 'ST_CLERK', '2100.00', '0.00', '121', '50'),
('133', 'Jason', 'Mallin', 'JMALLIN', '650.127.1934', '1987-07-20', 'ST_CLERK', '3300.00', '0.00', '122', '50'),
('134', 'Michael', 'Rogers', 'MROGERS', '650.127.1834', '1987-07-21', 'ST_CLERK', '2900.00', '0.00', '122', '50'),
('135', 'Ki', 'Gee', 'KGEE', '650.127.1734', '1987-07-22', 'ST_CLERK', '2400.00', '0.00', '122', '50'),
('136', 'Hazel', 'Philtanker', 'HPHILTAN', '650.127.1634', '1987-07-23', 'ST_CLERK', '2200.00', '0.00', '122', '50'),
('137', 'Renske', 'Ladwig', 'RLADWIG', '650.121.1234', '1987-07-24', 'ST_CLERK', '3600.00', '0.00', '123', '50'),
('138', 'Stephen', 'Stiles', 'SSTILES', '650.121.2034', '1987-07-25', 'ST_CLERK', '3200.00', '0.00', '123', '50'),
('139', 'John', 'Seo', 'JSEO', '650.121.2019', '1987-07-26', 'ST_CLERK', '2700.00', '0.00', '123', '50'),
('140', 'Joshua', 'Patel', 'JPATEL', '650.121.1834', '1987-07-27', 'ST_CLERK', '2500.00', '0.00', '123', '50'),
('141', 'Trenna', 'Rajs', 'TRAJS', '650.121.8009', '1987-07-28', 'ST_CLERK', '3500.00', '0.00', '124', '50'),
('142', 'Curtis', 'Davies', 'CDAVIES', '650.121.2994', '1987-07-29', 'ST_CLERK', '3100.00', '0.00', '124', '50'),
('143', 'Randall', 'Matos', 'RMATOS', '650.121.2874', '1987-07-30', 'ST_CLERK', '2600.00', '0.00', '124', '50'),
('144', 'Peter', 'Vargas', 'PVARGAS', '650.121.2004', '1987-07-31', 'ST_CLERK', '2500.00', '0.00', '124', '50'),
('145', 'John', 'Russell', 'JRUSSEL', '011.44.1344.429268', '1987-08-01', 'SA_MAN', '14000.00', '0.40', '100', '80'),
('146', 'Karen', 'Partners', 'KPARTNER', '011.44.1344.467268', '1987-08-02', 'SA_MAN', '13500.00', '0.30', '100', '80'),
('147', 'Alberto', 'Errazuriz', 'AERRAZUR', '011.44.1344.429278', '1987-08-03', 'SA_MAN', '12000.00', '0.30', '100', '80'),
('148', 'Gerald', 'Cambrault', 'GCAMBRAU', '011.44.1344.619268', '1987-08-04', 'SA_MAN', '11000.00', '0.30', '100', '80'),
('149', 'Eleni', 'Zlotkey', 'EZLOTKEY', '011.44.1344.429018', '1987-08-05', 'SA_MAN', '10500.00', '0.20', '100', '80'),
('150', 'Peter', 'Tucker', 'PTUCKER', '011.44.1344.129268', '1987-08-06', 'SA_REP', '10000.00', '0.30', '145', '80'),
('151', 'David', 'Bernstein', 'DBERNSTE', '011.44.1344.345268', '1987-08-07', 'SA_REP', '9500.00', '0.25', '145', '80'),
('152', 'Peter', 'Hall', 'PHALL', '011.44.1344.478968', '1987-08-08', 'SA_REP', '9000.00', '0.25', '145', '80'),
('153', 'Christopher', 'Olsen', 'COLSEN', '011.44.1344.498718', '1987-08-09', 'SA_REP', '8000.00', '0.20', '145', '80'),
('154', 'Nanette', 'Cambrault', 'NCAMBRAU', '011.44.1344.987668', '1987-08-10', 'SA_REP', '7500.00', '0.20', '145', '80'),
('155', 'Oliver', 'Tuvault', 'OTUVAULT', '011.44.1344.486508', '1987-08-11', 'SA_REP', '7000.00', '0.15', '145', '80'),
('156', 'Janette', 'King', 'JKING', '011.44.1345.429268', '1987-08-12', 'SA_REP', '10000.00', '0.35', '146', '80'),
('157', 'Patrick', 'Sully', 'PSULLY', '011.44.1345.929268', '1987-08-13', 'SA_REP', '9500.00', '0.35', '146', '80'),
('158', 'Allan', 'McEwen', 'AMCEWEN', '011.44.1345.829268', '1987-08-14', 'SA_REP', '9000.00', '0.35', '146', '80'),
('159', 'Lindsey', 'Smith', 'LSMITH', '011.44.1345.729268', '1987-08-15', 'SA_REP', '8000.00', '0.30', '146', '80'),
('160', 'Louise', 'Doran', 'LDORAN', '011.44.1345.629268', '1987-08-16', 'SA_REP', '7500.00', '0.30', '146', '80')

CREATE TABLE Departments(
DepartmentID decimal(4,0) NOT NULL DEFAULT '0',
DepartmentName varchar(30) NOT NULL,
ManagerID decimal(6,0) DEFAULT NULL,
LocationID decimal(4,0) DEFAULT NULL,
PRIMARY KEY (DepartmentID),
)

INSERT INTO Departments  VALUES
('10', 'Administration', '200', '1700'),
('20', 'Marketing', '201', '1800'),
('30', 'Purchasing', '114', '1700'),
('40', 'Human Resources', '203', '2400'),
('50', 'Shipping', '121', '1500'),
('60', 'IT', '103', '1400'),
('70', 'Public Relations', '204', '2700'),
('80', 'Sales', '145', '2500'),
('90', 'Executive', '100', '1700'),
('100', 'Finance', '108', '1700'),
('110', 'Accounting', '205', '1700'),
('120', 'Treasury', '0', '1700'),
('130', 'Corporate Tax', '0', '1700'),
('140', 'Control And Credit', '0', '1700'),
('150', 'Shareholder Services', '0', '1700'),
('160', 'Benefits', '0', '1700'),
('170', 'Manufacturing', '0', '1700'),
('180', 'Construction', '0', '1700'),
('190', 'Contracting', '0', '1700'),
('200', 'Operations', '0', '1700'),
('210', 'IT Support', '0', '1700'),
('220', 'NOC', '0', '1700'),
('230', 'IT Helpdesk', '0', '1700'),
('240', 'Government Sales', '0', '1700'),
('250', 'Retail Sales', '0', '1700'),
('260', 'Recruiting', '0', '1700'),
('270', 'Payroll', '0', '1700');

CREATE TABLE Locations(
LocationID decimal(4,0) NOT NULL DEFAULT '0',
StreetAddress varchar(40) DEFAULT NULL,
PostalCode varchar(12) DEFAULT NULL,
City varchar(30) NOT NULL,
StateProvince varchar(25) DEFAULT NULL,
CountryID varchar(2) DEFAULT NULL,
PRIMARY KEY (LocationID),
)

INSERT INTO Locations  VALUES
('1000', '1297 Via Cola di Rie', '989', 'Roma', '', 'IT'),
('1100', '93091 Calle della Testa', '10934', 'Venice', '', 'IT'),
('1200', '2017 Shinjuku-ku', '1689', 'Tokyo', 'Tokyo Prefecture', 'JP'),
('1300', '9450 Kamiya-cho', '6823', 'Hiroshima', '', 'JP'),
('1400', '2014 Jabberwocky Rd', '26192', 'Southlake', 'Texas', 'US'),
('1500', '2011 Interiors Blvd', '99236', 'South San Francisco', 'California', 'US'),
('1600', '2007 Zagora St', '50090', 'South Brunswick', 'New Jersey', 'US'),
('1700', '2004 Charade Rd', '98199', 'Seattle', 'Washington', 'US'),
('1800', '147 Spadina Ave', 'M5V 2L7', 'Toronto', 'Ontario', 'CA'),
('1900', '6092 Boxwood St', 'YSW 9T2', 'Whitehorse', 'Yukon', 'CA'),
('2000', '40-5-12 Laogianggen', '190518', 'Beijing', '', 'CN'),
('2100', '1298 Vileparle (E)', '490231', 'Bombay', 'Maharashtra', 'IN'),
('2200', '12-98 Victoria Street', '2901', 'Sydney', 'New South Wales', 'AU'),
('2300', '198 Clementi North', '540198', 'Singapore', '', 'SG'),
('2400', '8204 Arthur St', '', 'London', '', 'UK'),
('2500', '"Magdalen Centre', ' The Oxford ', 'OX9 9ZB', 'Oxford', 'Ox'),
('2600', '9702 Chester Road', '9629850293', 'Stretford', 'Manchester', 'UK'),
('2700', 'Schwanthalerstr. 7031', '80925', 'Munich', 'Bavaria', 'DE'),
('2800', 'Rua Frei Caneca 1360', '01307-002', 'Sao Paulo', 'Sao Paulo', 'BR'),
('2900', '20 Rue des Corps-Saints', '1730', 'Geneva', 'Geneve', 'CH'),
('3000', 'Murtenstrasse 921', '3095', 'Bern', 'BE', 'CH'),
('3100', 'Pieter Breughelstraat 837', '3029SK', 'Utrecht', 'Utrecht', 'NL'),
('3200', 'Mariano Escobedo 9991', '11932', 'Mexico City', '"Distrito Federal', '"');

CREATE TABLE Countries(
CountryID varchar(2) NOT NULL,
CountryName varchar(40) DEFAULT NULL,
RegionID decimal(10,0) DEFAULT NULL,
PRIMARY KEY (CountryID),
)

INSERT INTO countries  VALUES
('AR', 'Argentina', '2'),
('AU', 'Australia', '3'),
('BE', 'Belgium', '1'),
('BR', 'Brazil', '2'),
('CA', 'Canada', '2'),
('CH', 'Switzerland', '1'),
('CN', 'China', '3'),
('DE', 'Germany', '1'),
('DK', 'Denmark', '1'),
('EG', 'Egypt', '4'),
('FR', 'France', '1'),
('HK', 'HongKong', '3'),
('IL', 'Israel', '4'),
('IN', 'India', '3'),
('IT', 'Italy', '1'),
('JP', 'Japan', '3'),
('KW', 'Kuwait', '4'),
('MX', 'Mexico', '2'),
('NG', 'Nigeria', '4'),
('NL', 'Netherlands', '1'),
('SG', 'Singapore', '3'),
('UK', 'United Kingdom', '1'),
('US', 'United States of America', '2'),
('ZM', 'Zambia', '4'),
('ZW', 'Zimbabwe', '4');

CREATE TABLE  JobHistory(
EmployeeID decimal(6,0) NOT NULL,
StartDate date NOT NULL,
EndDate date NOT NULL,
JobID varchar(10) NOT NULL,
DepartmentID decimal(4,0) DEFAULT NULL,
PRIMARY KEY (EmployeeID,StartDate),
) 

INSERT INTO  JobHistory VALUES
('102', '1993-01-13', '1998-07-24', 'IT_PROG', '60'),
('101', '1989-09-21', '1993-10-27', 'AC_ACCOUNT', '110'),
('101', '1993-10-28', '1997-03-15', 'AC_MGR', '110'),
('201', '1996-02-17', '1999-12-19', 'MK_REP', '20'),
('114', '1998-03-24', '1999-12-31', 'ST_CLERK', '50'),
('122', '1999-01-01', '1999-12-31', 'ST_CLERK', '50'),
('200', '1987-09-17', '1993-06-17', 'AD_ASST', '90'),
('176', '1998-03-24', '1998-12-31', 'SA_REP', '80'),
('176', '1999-01-01', '1999-12-31', 'SA_MAN', '80');

							/*   SUB-QUERY   AND   VIEWS    */
							/*		    Assignment:			*/
DROP TABLE INCENTIVE_TABLE
SELECT EmployeeID,DATEADD(DAY,1,EOMONTH(HireDate)) AS INCENTIVE_DATE, 
(Salary*0.15) AS INCENSTIVE_AMOUNT  INTO INCENTIVE_TABLE FROM Employees_1

SELECT FirstName, Salary FROM DAY4.dbo.Employees_1

--(1)Select employee details from employee table if data exists in incentive table ?

SELECT EmployeeID FROM DAY4.dbo.Employees_1
WHERE EXISTS (SELECT * FROM INCENTIVE_TABLE WHERE INCENTIVE_TABLE.EmployeeID = DAY4.dbo.Employees_1.EmployeeID AND EmployeeID = 101)

--(2)Find Salary of the employee whose salary is more than Roy Salary
UPDATE DAY4.dbo.Employees_1
SET FirstName = 'Roy'
WHERE EmployeeID = 115
SELECT EmployeeID,FirstName,Salary FROM DAY4.dbo.Employees_1
WHERE Salary > (SELECT Salary FROM DAY4.dbo.Employees_1 WHERE FirstName = 'ROY')

--(3)Create a view to select FirstName,LastName,Salary,JoiningDate,IncentiveDate and IncentiveAmount
CREATE VIEW TEST1 AS
(SELECT dbo.Employees_1.FirstName, dbo.Employees_1.LastName,dbo.Departments.DepartmentName, dbo.Employees_1.Salary, dbo.Employees_1.HireDate AS JOINING_DATE,
dbo.INCENTIVE_TABLE.INCENTIVE_DATE,dbo.INCENTIVE_TABLE.INCENSTIVE_AMOUNT
FROM dbo.Employees_1 INNER JOIN dbo.INCENTIVE_TABLE ON dbo.Employees_1.EmployeeID = dbo.INCENTIVE_TABLE.EmployeeID 
INNER JOIN dbo.Departments  ON dbo.Employees_1.DepartmentID = dbo.Departments.DepartmentID)

/* (4)Create a view to select Select first_name, incentive amount from employee and incentives table for 
those employees who have incentives and incentive amount greater than 3000*/
CREATE VIEW TEST3 AS(
SELECT FirstName,LastName,INCENSTIVE_AMOUNT FROM dbo.Employees_1 INNER JOIN dbo.INCENTIVE_TABLE
ON dbo.Employees_1.EmployeeID = dbo.INCENTIVE_TABLE.EmployeeID
WHERE INCENSTIVE_AMOUNT > 3000 AND INCENSTIVE_AMOUNT IS NOT NULL)

--Create a View to Find the names (first_name, last_name), job, department number, and department name of the employees who work in London
UPDATE day4.dbo.Countries 
SET CountryName = 'London'
WHERE CountryID=2
CREATE VIEW TEST1
SELECT dbo.Employees_1.FirstName, dbo.Employees_1.JobId AS Expr1, dbo.Departments.DepartmentID, dbo.Departments.DepartmentName
FROM dbo.Employees_1 INNER JOIN
dbo.Departments ON dbo.Employees_1.DepartmentID = dbo.Departments.DepartmentID INNER JOIN
dbo.JobHistory ON dbo.Employees_1.EmployeeID = dbo.JobHistory.EmployeeID CROSS JOIN
dbo.Countries where dbo.Countries.CountryName ='London'


--Create a View to get the department name and number of employees in the department.
SELECT DepartmentName,DepartmentID FROM DAY4.dbo.Departments


--Find the employee ID, job title, number of days between ending date and starting date for all jobs in department 90 from job history.
SELECT EmployeeID,JobId, DATEDIFF(DAY,StartDate,EndDate) FROM Departments,JobHistory
WHERE Departments.DepartmentID = 90
SELECT * FROM Departments
SELECT * FROM Employees_1

--Write a View to display the department name, manager name, and city.

SELECT dbo.Departments.DepartmentID, dbo.Employees_1.EmployeeID, dbo.Employees_1.DepartmentID AS Expr1, dbo.Employees_1.FirstName,
dbo.Employees_1.LastName, dbo.Departments.DepartmentName
FROM dbo.Departments INNER JOIN dbo.Employees_1 ON dbo.Departments.DepartmentID = dbo.Employees_1.DepartmentID


/*Create a View to display department name, name (first_name, last_name), hire date,
salary of the manager for all managers whose experience is more than 15 years.*/
SELECT dbo.Departments.DepartmentName, dbo.Employees_1.FirstName, dbo.Employees_1.LastName, dbo.Employees_1.HireDate,
dbo.Employees_1.Salary, dbo.Employees_1.ManagerID, dbo.Departments.ManagerID AS Expr1
FROM dbo.Departments INNER JOIN
dbo.Employees_1 ON dbo.Departments.DepartmentID = dbo.Employees_1.DepartmentID